args,ppl_mean,ppl_std,exit_points_mean,exit_points_std
"{'ee_softmax_threshold': [1.0, 1.0, 1.0, 1.0, 1.0, 1.0, 1.0, 1.0, 1.0, 1.0, 1.0, 1.0, 1.0, 1.0, 1.0]}",4.7698,2.123,15.0,0.0
"{'ee_softmax_threshold': [0.9976595044136047, 0.9958667755126953, 0.9944936633110046, 0.9934419393539429, 0.9926363229751587, 0.9920192956924438, 0.9915466904640198, 0.991184651851654, 0.9909074306488037, 0.9906949996948242, 0.9905323386192322, 0.9904077649116516, 0.9903123378753662, 0.9902392029762268, 0.9901832342147827]}",4.835,2.1972,12.8723,4.4156
"{'ee_softmax_threshold': [0.9953187704086304, 0.9917332530021667, 0.9889869689941406, 0.9868834614753723, 0.9852722883224487, 0.9840382933616638, 0.9830930829048157, 0.9823691248893738, 0.9818146228790283, 0.9813898801803589, 0.9810645580291748, 0.9808154106140137, 0.9806245565414429, 0.9804783463478088, 0.9803664088249207]}",4.9451,2.1981,12.385,4.7381
"{'ee_softmax_threshold': [0.992978036403656, 0.9875997304916382, 0.9834802150726318, 0.9803249835968018, 0.9779083132743835, 0.976057231426239, 0.9746394753456116, 0.9735535383224487, 0.9727217555046082, 0.9720847010612488, 0.9715967774391174, 0.971222996711731, 0.9709367752075195, 0.9707174897193909, 0.9705495834350586]}",4.919,2.1699,12.0201,4.9248
"{'ee_softmax_threshold': [0.9906373620033264, 0.9834661483764648, 0.9779735207557678, 0.9737665057182312, 0.9705442190170288, 0.9680761694908142, 0.9661858081817627, 0.9647378921508789, 0.963628888130188, 0.9627795219421387, 0.9621289372444153, 0.9616305828094482, 0.9612489342689514, 0.9609565734863281, 0.9607326984405518]}",4.9327,2.1867,11.7701,5.0618
"{'ee_softmax_threshold': [0.988296627998352, 0.9793326258659363, 0.9724668264389038, 0.9672080278396606, 0.9631801843643188, 0.9600951671600342, 0.9577322006225586, 0.9559223055839539, 0.9545360803604126, 0.9534743428230286, 0.9526610970497131, 0.9520382285118103, 0.9515611529350281, 0.9511957168579102, 0.9509158730506897]}",5.083,2.2152,11.5201,5.1661
"{'ee_softmax_threshold': [0.9859558939933777, 0.9751991033554077, 0.966960072517395, 0.9606496095657349, 0.9558161497116089, 0.9521141052246094, 0.9492785930633545, 0.9471067786216736, 0.9454432725906372, 0.9441691637039185, 0.9431933164596558, 0.9424458742141724, 0.9418733716011047, 0.9414348602294922, 0.9410989880561829]}",5.1192,2.1452,11.3266,5.2273
"{'ee_softmax_threshold': [0.9836151599884033, 0.9710655212402344, 0.961453378200531, 0.9540911316871643, 0.9484521746635437, 0.9441331028938293, 0.9408249855041504, 0.9382911920547485, 0.9363504648208618, 0.9348640441894531, 0.9337255358695984, 0.9328535199165344, 0.9321855902671814, 0.9316740036010742, 0.9312821626663208]}",5.3599,2.3058,11.1569,5.3243
"{'ee_softmax_threshold': [0.9812744855880737, 0.9669319987297058, 0.955946683883667, 0.9475326538085938, 0.9410881400108337, 0.9361520409584045, 0.9323713779449463, 0.9294756054878235, 0.9272576570510864, 0.925558865070343, 0.9242576956748962, 0.9232611060142517, 0.9224978089332581, 0.9219131469726562, 0.9214653372764587]}",5.428,2.3237,11.0164,5.3425
"{'ee_softmax_threshold': [0.9789337515830994, 0.9627984762191772, 0.950439989566803, 0.940974235534668, 0.9337241053581238, 0.9281710386276245, 0.9239177703857422, 0.9206600189208984, 0.918164849281311, 0.9162537455558777, 0.9147899150848389, 0.9136687517166138, 0.9128100275993347, 0.9121522903442383, 0.9116485118865967]}",5.5395,2.3932,10.8942,5.3782
"{'ee_softmax_threshold': [0.976593017578125, 0.9586649537086487, 0.944933295249939, 0.9344157576560974, 0.9263600707054138, 0.9201899766921997, 0.9154641628265381, 0.9118444919586182, 0.9090720415115356, 0.9069485664367676, 0.9053221344947815, 0.9040763974189758, 0.9031222462654114, 0.9023914337158203, 0.9018316864967346]}",5.51,2.3847,10.7482,5.446
"{'ee_softmax_threshold': [0.9742523431777954, 0.9545314311981201, 0.939426600933075, 0.9278573393821716, 0.9189960956573486, 0.9122089743614197, 0.907010555267334, 0.9030289053916931, 0.8999792337417603, 0.8976433873176575, 0.8958543539047241, 0.8944840431213379, 0.893434464931488, 0.8926305770874023, 0.8920148611068726]}",5.6383,2.5604,10.5785,5.4822
"{'ee_softmax_threshold': [0.971911609172821, 0.9503978490829468, 0.9339198470115662, 0.9212988018989563, 0.9116320013999939, 0.9042279124259949, 0.8985568881034851, 0.8942132592201233, 0.8908863663673401, 0.8883382081985474, 0.8863864541053772, 0.8848915696144104, 0.8837466239929199, 0.8828696608543396, 0.882197916507721]}",5.7553,2.5307,10.4398,5.513
"{'ee_softmax_threshold': [0.9695708751678467, 0.9462643265724182, 0.9284131526947021, 0.9147403836250305, 0.9042679667472839, 0.8962468504905701, 0.890103280544281, 0.8853976726531982, 0.8817935585975647, 0.8790330290794373, 0.8769186735153198, 0.8752992153167725, 0.8740588426589966, 0.8731088042259216, 0.8723810911178589]}",5.8176,2.4865,10.3376,5.5364
"{'ee_softmax_threshold': [0.9672302007675171, 0.9421308040618896, 0.9229063987731934, 0.90818190574646, 0.8969039916992188, 0.88826584815979, 0.8816496729850769, 0.876582145690918, 0.8727007508277893, 0.8697279095649719, 0.8674508929252625, 0.8657068610191345, 0.8643710613250732, 0.8633479475975037, 0.8625642657279968]}",5.8978,2.4513,10.2682,5.5349
"{'ee_softmax_threshold': [0.9648894667625427, 0.9379972219467163, 0.9173997044563293, 0.9016234278678894, 0.8895399570465088, 0.8802847862243652, 0.8731960654258728, 0.8677665591239929, 0.8636079430580139, 0.8604227304458618, 0.8579830527305603, 0.8561145067214966, 0.8546832799911499, 0.8535870313644409, 0.8527474403381348]}",5.9003,2.4468,10.1131,5.5381
"{'ee_softmax_threshold': [0.9625487327575684, 0.9338636994361877, 0.9118930101394653, 0.8950649499893188, 0.882175862789154, 0.8723037242889404, 0.8647423982620239, 0.8589509129524231, 0.8545150756835938, 0.8511174917221069, 0.8485152125358582, 0.8465220332145691, 0.8449954390525818, 0.8438261151313782, 0.8429305553436279]}",6.0148,2.5566,10.0383,5.5495
"{'ee_softmax_threshold': [0.960207998752594, 0.9297301769256592, 0.9063862562179565, 0.8885064721107483, 0.8748118281364441, 0.8643227219581604, 0.8562887907028198, 0.850135326385498, 0.8454222679138184, 0.8418123722076416, 0.8390474319458008, 0.8369296789169312, 0.8353076577186584, 0.8340652585029602, 0.8331137299537659]}",6.0721,2.5654,9.8887,5.5719
"{'ee_softmax_threshold': [0.9578672647476196, 0.9255965948104858, 0.9008795619010925, 0.8819480538368225, 0.8674478530883789, 0.8563417196273804, 0.8478351831436157, 0.8413197994232178, 0.836329460144043, 0.8325071930885315, 0.8295796513557434, 0.8273373246192932, 0.8256198763847351, 0.8243044018745422, 0.8232969045639038]}",6.0609,2.5485,9.8011,5.5596
"{'ee_softmax_threshold': [0.95552659034729, 0.9214630722999573, 0.8953728675842285, 0.875389575958252, 0.860083818435669, 0.8483606576919556, 0.8393815755844116, 0.8325042128562927, 0.8272366523742676, 0.8232020139694214, 0.8201118111610413, 0.8177449703216553, 0.8159320950508118, 0.8145435452461243, 0.813480019569397]}",6.0878,2.5882,9.7263,5.5664
"{'ee_softmax_threshold': [0.9531858563423157, 0.9173295497894287, 0.8898661136627197, 0.8688310980796814, 0.8527197241783142, 0.8403795957565308, 0.8309279084205627, 0.8236885666847229, 0.8181437849998474, 0.8138968348503113, 0.8106439709663391, 0.8081524968147278, 0.8062442541122437, 0.8047826290130615, 0.8036631345748901]}",6.1041,2.5834,9.6569,5.5586
"{'ee_softmax_threshold': [0.9508451223373413, 0.9131959676742554, 0.8843594193458557, 0.8622726202011108, 0.845355749130249, 0.832398533821106, 0.8224743008613586, 0.8148729801177979, 0.809050977230072, 0.8045916557312012, 0.8011761903762817, 0.7985601425170898, 0.7965564727783203, 0.7950217723846436, 0.7938463091850281]}",6.1019,2.5806,9.5766,5.5531
"{'ee_softmax_threshold': [0.9485044479370117, 0.9090624451637268, 0.8788527250289917, 0.8557142019271851, 0.8379917144775391, 0.8244175314903259, 0.8140206933021545, 0.8060574531555176, 0.7999581694602966, 0.7952865362167358, 0.7917084097862244, 0.7889677882194519, 0.786868691444397, 0.7852609157562256, 0.784029483795166]}",6.1054,2.5831,9.5146,5.5457
"{'ee_softmax_threshold': [0.9461637139320374, 0.9049289226531982, 0.8733460307121277, 0.8491557240486145, 0.8306276798248291, 0.8164365291595459, 0.8055670857429504, 0.7972418665885925, 0.7908653020858765, 0.7859813570976257, 0.7822405695915222, 0.779375433921814, 0.7771809101104736, 0.7755000591278076, 0.774212658405304]}",6.18,2.6443,9.427,5.5663
"{'ee_softmax_threshold': [0.943822979927063, 0.9007954001426697, 0.8678393363952637, 0.842597246170044, 0.8232636451721191, 0.8084554672241211, 0.7971134781837463, 0.7884262800216675, 0.7817724943161011, 0.7766761779785156, 0.7727727890014648, 0.769783079624176, 0.7674931287765503, 0.7657392024993896, 0.7643958330154419]}",6.1963,2.6759,9.3193,5.5609
"{'ee_softmax_threshold': [0.9414823055267334, 0.8966618776321411, 0.8623325824737549, 0.8360388278961182, 0.8158996105194092, 0.8004744648933411, 0.7886598706245422, 0.7796106934547424, 0.7726796865463257, 0.7673710584640503, 0.7633050084114075, 0.7601906657218933, 0.757805347442627, 0.7559783458709717, 0.7545790076255798]}",6.3061,2.7817,9.2153,5.5555
"{'ee_softmax_threshold': [0.939141571521759, 0.8925283551216125, 0.8568258881568909, 0.8294803500175476, 0.808535635471344, 0.7924934029579163, 0.7802062630653381, 0.7707951068878174, 0.7635868787765503, 0.7580658793449402, 0.7538371682167053, 0.7505983114242554, 0.7481175661087036, 0.7462174892425537, 0.744762122631073]}",6.3006,2.7583,9.1624,5.5595
"{'ee_softmax_threshold': [0.9368008375167847, 0.888394832611084, 0.8513191938400269, 0.8229219317436218, 0.801171600818634, 0.7845124006271362, 0.771752655506134, 0.7619795799255371, 0.7544940710067749, 0.7487607598304749, 0.744369387626648, 0.7410059571266174, 0.7384297847747803, 0.7364566326141357, 0.7349452972412109]}",6.3547,2.7823,9.0803,5.542
"{'ee_softmax_threshold': [0.9344601631164551, 0.8842612504959106, 0.8458124399185181, 0.8163633942604065, 0.7938075065612793, 0.7765313386917114, 0.7632989883422852, 0.7531639337539673, 0.7454012036323547, 0.73945552110672, 0.7349015474319458, 0.7314135432243347, 0.7287419438362122, 0.726695716381073, 0.7251284122467041]}",6.4597,2.6574,8.8704,5.5095
"{'ee_softmax_threshold': [0.9321194291114807, 0.8801277279853821, 0.840305745601654, 0.8098049759864807, 0.7864435315132141, 0.7685502767562866, 0.754845380783081, 0.7443483471870422, 0.7363083958625793, 0.7301503419876099, 0.7254337668418884, 0.721821129322052, 0.7190541625022888, 0.716934859752655, 0.715311586856842]}",6.5415,2.7284,8.7847,5.494
"{'ee_softmax_threshold': [0.9297786951065063, 0.8759942054748535, 0.83479905128479, 0.8032464981079102, 0.7790794968605042, 0.7605692744255066, 0.746391773223877, 0.7355327606201172, 0.727215588092804, 0.7208452224731445, 0.7159659266471863, 0.7122287750244141, 0.7093663811683655, 0.7071740031242371, 0.70549476146698]}",6.5936,2.7824,8.719,5.4834
"{'ee_softmax_threshold': [0.9274380207061768, 0.8718606233596802, 0.829292356967926, 0.7966880798339844, 0.7717154622077942, 0.7525882720947266, 0.7379381656646729, 0.7267172336578369, 0.7181227803230286, 0.7115400433540344, 0.7064981460571289, 0.7026364207267761, 0.6996785998344421, 0.6974131464958191, 0.6956779360771179]}",6.792,3.0948,8.6131,5.4471
"{'ee_softmax_threshold': [0.9250972867012024, 0.8677271008491516, 0.823785662651062, 0.7901296019554138, 0.7643514275550842, 0.7446072101593018, 0.7294845581054688, 0.7179016470909119, 0.7090299725532532, 0.7022349238395691, 0.6970303654670715, 0.6930440664291382, 0.6899908185005188, 0.6876522302627563, 0.6858611106872559]}",6.8098,3.0769,8.5493,5.446
"{'ee_softmax_threshold': [0.922756552696228, 0.863593578338623, 0.8182789087295532, 0.7835711240768433, 0.756987452507019, 0.7366262078285217, 0.7210309505462646, 0.7090860605239868, 0.6999371647834778, 0.692929744720459, 0.6875625848770142, 0.6834516525268555, 0.6803030371665955, 0.6778913736343384, 0.676044225692749]}",7.114,3.678,8.438,5.4304
"{'ee_softmax_threshold': [0.9204158782958984, 0.8594600558280945, 0.8127722144126892, 0.7770126461982727, 0.7496234178543091, 0.7286451458930969, 0.7125773429870605, 0.7002704739570618, 0.6908443570137024, 0.6836245656013489, 0.678094744682312, 0.6738592982292175, 0.6706152558326721, 0.6681305170059204, 0.666227400302887]}",7.2192,3.6523,8.3759,5.4257
"{'ee_softmax_threshold': [0.9180751442909241, 0.8553265333175659, 0.8072655200958252, 0.7704542279243469, 0.7422593832015991, 0.7206641435623169, 0.7041237354278564, 0.6914549469947815, 0.681751549243927, 0.6743194460868835, 0.6686269640922546, 0.6642669439315796, 0.6609274744987488, 0.6583696603775024, 0.6564105749130249]}",7.3032,3.663,8.3047,5.4128
"{'ee_softmax_threshold': [0.9157344102859497, 0.8511929512023926, 0.8017587661743164, 0.7638957500457764, 0.7348953485488892, 0.7126830816268921, 0.6956700682640076, 0.6826393008232117, 0.6726586818695068, 0.6650142073631287, 0.6591591238975525, 0.6546745300292969, 0.6512396335601807, 0.6486087441444397, 0.6465936899185181]}",7.3924,3.7195,8.1916,5.3841
"{'ee_softmax_threshold': [0.9133937358856201, 0.847059428691864, 0.7962520718574524, 0.7573372721672058, 0.7275313138961792, 0.7047020196914673, 0.6872164607048035, 0.6738237142562866, 0.6635658740997314, 0.6557090878486633, 0.6496912837028503, 0.6450821161270142, 0.6415518522262573, 0.6388478875160217, 0.636776864528656]}",7.4093,3.7109,8.1423,5.3661
"{'ee_softmax_threshold': [0.911052942276001, 0.8429259061813354, 0.7907453775405884, 0.7507787942886353, 0.7201672792434692, 0.6967210173606873, 0.6787628531455994, 0.6650081276893616, 0.654473066329956, 0.6464039087295532, 0.640223503112793, 0.6354897618293762, 0.631864070892334, 0.6290870308876038, 0.626960039138794]}",7.4423,3.7948,8.0785,5.3416
"{'ee_softmax_threshold': [0.9087122678756714, 0.8387923240661621, 0.7852386832237244, 0.7442203760147095, 0.7128032445907593, 0.6887399554252625, 0.6703092455863953, 0.6561926007270813, 0.6453802585601807, 0.6370987296104431, 0.6307557225227356, 0.6258974075317383, 0.6221762895584106, 0.6193261742591858, 0.6171432137489319]}",7.4633,3.7473,8.0237,5.3195
"{'ee_softmax_threshold': [0.9063715934753418, 0.8346588015556335, 0.7797319889068604, 0.7376618981361389, 0.7054392099380493, 0.6807589530944824, 0.6618556380271912, 0.6473770141601562, 0.6362874507904053, 0.6277936100959778, 0.6212879419326782, 0.6163050532341003, 0.6124885082244873, 0.6095653176307678, 0.607326328754425]}",7.4993,3.7201,7.958,5.3063
"{'ee_softmax_threshold': [0.9040307998657227, 0.830525279045105, 0.7742252349853516, 0.7311034202575684, 0.6980752348899841, 0.6727779507637024, 0.6534020304679871, 0.6385614275932312, 0.6271946430206299, 0.6184884309768677, 0.6118201017379761, 0.6067126989364624, 0.602800726890564, 0.5998044610023499, 0.597509503364563]}",7.6983,3.9583,7.8723,5.2695
"{'ee_softmax_threshold': [0.9016901254653931, 0.8263917565345764, 0.7687185406684875, 0.7245450019836426, 0.6907112002372742, 0.6647968888282776, 0.644948422908783, 0.6297458410263062, 0.6181017756462097, 0.6091832518577576, 0.6023523211479187, 0.5971202850341797, 0.5931129455566406, 0.5900436043739319, 0.5876926779747009]}",7.8187,3.9315,7.7299,5.217
"{'ee_softmax_threshold': [0.8993493914604187, 0.8222582340240479, 0.7632118463516235, 0.717986524105072, 0.6833471655845642, 0.6568158864974976, 0.6364947557449341, 0.6209302544593811, 0.6090089678764343, 0.5998781323432922, 0.5928845405578613, 0.5875279307365417, 0.5834251642227173, 0.5802827477455139, 0.5778758525848389]}",7.9051,3.9936,7.6916,5.2028
"{'ee_softmax_threshold': [0.8970086574554443, 0.8181246519088745, 0.7577050924301147, 0.7114280462265015, 0.6759830713272095, 0.6488348245620728, 0.62804114818573, 0.612114667892456, 0.5999161005020142, 0.5905728936195374, 0.5834166407585144, 0.577935516834259, 0.5737373232841492, 0.5705218315124512, 0.568058967590332]}",8.1476,4.3127,7.5803,5.168
"{'ee_softmax_threshold': [0.8946679830551147, 0.813991129398346, 0.7521983981132507, 0.7048695683479309, 0.6686190962791443, 0.640853762626648, 0.6195875406265259, 0.603299081325531, 0.5908232927322388, 0.581267774105072, 0.573948860168457, 0.5683431625366211, 0.5640495419502258, 0.5607609748840332, 0.55824214220047]}",8.1292,4.3233,7.5219,5.1338
"{'ee_softmax_threshold': [0.8923272490501404, 0.8098576068878174, 0.7466917037963867, 0.6983111500740051, 0.6612550616264343, 0.6328727006912231, 0.6111339330673218, 0.594483494758606, 0.5817304849624634, 0.5719625949859619, 0.5644810795783997, 0.5587507486343384, 0.5543617606163025, 0.5510000586509705, 0.5484253168106079]}",8.1561,4.3729,7.4799,5.1288
"{'ee_softmax_threshold': [0.889986515045166, 0.805724024772644, 0.7411850094795227, 0.6917526721954346, 0.6538910269737244, 0.6248916983604431, 0.6026803255081177, 0.5856679677963257, 0.572637677192688, 0.5626574158668518, 0.5550132989883423, 0.5491583943367004, 0.5446739792823792, 0.5412392020225525, 0.5386084318161011]}",8.7149,5.783,7.4051,5.0997
"{'ee_softmax_threshold': [0.8876457810401917, 0.8015904426574707, 0.7356782555580139, 0.6851941347122192, 0.6465269327163696, 0.6169106364250183, 0.5942266583442688, 0.5768523216247559, 0.5635448098182678, 0.5533522367477417, 0.5455453991889954, 0.5395659804344177, 0.534986138343811, 0.5314782857894897, 0.5287915468215942]}",8.6845,5.7822,7.3449,5.081
"{'ee_softmax_threshold': [0.8853050470352173, 0.7974569797515869, 0.7301715612411499, 0.6786357164382935, 0.6391629576683044, 0.6089296340942383, 0.5857730507850647, 0.5680367350578308, 0.5544520020484924, 0.5440470576286316, 0.536077618598938, 0.5299736261367798, 0.5252983570098877, 0.5217174291610718, 0.5189747214317322]}",8.8263,5.9179,7.2755,5.0687
"{'ee_softmax_threshold': [0.8829643726348877, 0.7933233976364136, 0.7246648073196411, 0.6720772385597229, 0.6317989230155945, 0.6009485721588135, 0.5773194432258606, 0.5592211484909058, 0.545359194278717, 0.5347418785095215, 0.5266098380088806, 0.5203812122344971, 0.5156105756759644, 0.5119565725326538, 0.5091578960418701]}",8.9829,5.99,7.2172,5.0535
